delta_star_125_over_100,delta_star_150_over_125,haircut_star_125_over_100,haircut_star_150_over_125
386.0345440838001,553.8326647554958,0.6159497157183219,0.4490140957497969
