context,ev_125_minus_100,ev_150_minus_125,q_125_minus_100,q_150_minus_125
Logistic mix (weighted) — Delta_conservative,47.97037198069404,24.76879294970513,0.07748002442608448,0.05487907590569707
Escenario A — masa en 100 — Delta_conservative,352.11488215526674,-24.999786626262562,0.41662479406517483,2.42424242458128e-07
Escenario B — masa en 125 — Delta_conservative,722.1113478930828,111.08535846888515,0.8211151006918185,0.1546131700082013
Escenario C — masa en 150 — Delta_conservative,17.97422125465532,704.7600817438962,0.020421383739430397,0.824717150267841
Escenario D — mezcla heterogénea — Delta_conservative,728.3955051420232,26.919997018683375,0.8306987124248197,0.0589888244862905
