metric,bid,mean_ev,min_ev,max_regret,mean_regret
ev_uplift_conservative,100,162.4681739870803,0.0,833.1967063619679,665.8403484191232
ev_uplift_conservative,125,617.6171630983373,17.97422125465532,704.7600817438962,210.69135930786618
ev_uplift_conservative,150,822.0585757496378,722.7343029985515,24.999786626262562,6.2499466565656405
ev_uplift_downside,100,134.79683152012223,0.0,682.7719312957149,545.3136525646521
ev_uplift_downside,125,509.4376751479563,14.825924594826468,577.6161877442707,170.67280893681797
ev_uplift_downside,150,673.8605280847743,592.4421123390972,24.99982399999999,6.249955999999997
