scenario,scenario_label,q_penalty,bid,q_base_discrete,q_used,delta_assumed,net_gain_if_accepted,uplift_pct_vs_base,fee_roi,ev_uplift,ev_total
C_masa_150,Escenario C — masa en 150,0.15,100,0.0,0.0,851.0,751.0,0.00729843065923974,7.51,0.0,102898.83333333331
C_masa_150,Escenario C — masa en 150,0.15,125,0.020421383739430397,0.017358176178515837,851.0,726.0,0.007055473580037352,5.808,12.602035905602497,102911.43536923891
C_masa_150,Escenario C — masa en 150,0.15,150,0.8451385340072713,0.7183677539061806,851.0,701.0,0.006812516500834964,4.673333333333333,503.5757954882326,103402.40912882154
