{
  "meta": {
    "model": "pepper_root_v2",
    "product": "INTARIAN_PEPPER_ROOT",
    "sessions": 24,
    "blockLength": 75,
    "seed": 20260414,
    "sourceDays": [
      -2,
      -1,
      0
    ],
    "method": "stationary block bootstrap on synchronized book+trade records",
    "resetBetweenDays": true
  },
  "overall": {
    "totalPnl": {
      "count": 24.0,
      "mean": 89995.5,
      "std": 7988.809336108582,
      "min": 73581.0,
      "p05": 76769.45,
      "p25": 85476.25,
      "p50": 89466.0,
      "p75": 94829.5,
      "p95": 102925.425,
      "max": 104541.0,
      "positiveRate": 1.0
    },
    "maxDrawdown": {
      "count": 24.0,
      "mean": -2225.3958333333335,
      "std": 490.5669740910415,
      "min": -3670.0,
      "p05": -3088.275,
      "p25": -2451.75,
      "p50": -2103.5,
      "p75": -1917.5,
      "p95": -1627.4500000000003,
      "max": -1599.0,
      "positiveRate": 0.0
    },
    "sharpeLike": {
      "count": 24.0,
      "mean": 4.84071812089626,
      "std": 0.3561299293002594,
      "min": 4.196757422024537,
      "p05": 4.231763629644878,
      "p25": 4.6324274851742295,
      "p50": 4.811463173141885,
      "p75": 5.1016986983499395,
      "p95": 5.399827834080154,
      "max": 5.479368483870438,
      "positiveRate": 1.0
    },
    "makerShare": {
      "count": 24.0,
      "mean": 0.24786143543469566,
      "std": 0.010449215848593705,
      "min": 0.2267515923566879,
      "p05": 0.2323237962696284,
      "p25": 0.24257789376829084,
      "p50": 0.2488131224582744,
      "p75": 0.25317446901229373,
      "p95": 0.26055857487922707,
      "max": 0.2728564661297963,
      "positiveRate": 1.0
    }
  }
}