round,round_label,proxy,product,total_pnl,max_drawdown,fill_count,maker_share,aggressive_fill_share,avg_fill_size,avg_position,avg_abs_position,max_abs_position,pct_abs_pos_ge_60,pct_at_limit,block_mean_pnl,block_std_pnl,daily_std_pnl,min_day_pnl,day_-2_pnl,day_-1_pnl,day_0_pnl,time_to_20,time_to_40,time_to_60,time_to_70,time_to_80,pct_pos_below_70,day_1_pnl
round_1,Round 1,baseline,ASH_COATED_OSMIUM,63148.0,-1254.0,2223.0,0.5470085470085471,0.452991452991453,5.519118308591993,8.306867884210877,25.004340422690394,80.0,0.01853026610129879,3.3387866849187006e-05,4185.183333333333,8516.686890718727,1066.7204804133712,20101.5,20101.5,22204.5,20842.0,,,,,,,
round_1,Round 1,baseline,INTARIAN_PEPPER_ROOT,240878.0,-1520.0,782.0,0.3516624040920716,0.6483375959079284,4.831202046035806,77.02304147465438,77.02304147465438,80.0,0.986876377479463,0.5751686368797169,16079.133333333333,32500.767274479615,518.4219645552581,79812.0,80842.0,79812.0,80224.0,500.0,700.0,5100.0,11300.0,11300.0,0.07640419421625592,
round_1,Round 1,baseline,TOTAL,304026.0,-1744.0,3005.0,0.4961730449251248,0.5038269550748752,5.340099833610649,,,,,,20264.316666666666,40934.08719630304,587.336573014145,100943.5,100943.5,102016.5,101066.0,,,,,,,
round_2,Round 2,baseline,ASH_COATED_OSMIUM,68006.0,-1233.0,2263.0,0.5956694653115333,0.40433053468846664,5.494918250110473,14.280462149797977,22.688182455671686,80.0,0.01666277089524827,0.0009349851404147327,4538.266666666666,9126.539106603763,226.38315602829934,22476.0,,22612.0,22918.0,,,,,,,22476.0
round_2,Round 2,baseline,INTARIAN_PEPPER_ROOT,237406.0,-1680.0,1021.0,0.3418217433888345,0.6581782566111655,4.940254652301665,74.86602343671753,74.86602343671753,80.0,0.9598704637265049,0.4225620138216539,15771.733333333334,31602.226438570946,922.6599229040639,78538.0,,78538.0,78670.0,600.0,5300.0,12600.0,23100.0,25500.0,0.16989950923112876,80198.0
round_2,Round 2,baseline,TOTAL,305412.0,-1981.0,3284.0,0.5167478684531059,0.48325213154689406,5.322472594397077,,,,,,20310.0,40748.266954685874,784.624751075315,101150.0,,101150.0,101588.0,,,,,,,102674.0
