{
  "meta": {
    "model": "ash_mm_v0",
    "product": "ASH_COATED_OSMIUM",
    "sessions": 10,
    "blockLength": 75,
    "seed": 20260414,
    "sourceDays": [
      -2,
      -1,
      0
    ],
    "method": "stationary block bootstrap on synchronized book+trade records"
  },
  "overall": {
    "totalPnl": {
      "count": 10.0,
      "mean": 58488.75,
      "std": 2713.285516061048,
      "min": 53069.5,
      "p05": 54059.725,
      "p25": 57465.5,
      "p50": 59161.5,
      "p75": 60236.75,
      "p95": 61399.9,
      "max": 61975.0,
      "positiveRate": 1.0
    },
    "maxDrawdown": {
      "count": 10.0,
      "mean": -1992.2,
      "std": 189.39951894811605,
      "min": -2357.0,
      "p05": -2289.95,
      "p25": -2098.75,
      "p50": -1922.0,
      "p75": -1885.5,
      "p95": -1778.7,
      "max": -1722.0,
      "positiveRate": 0.0
    },
    "sharpeLike": {
      "count": 10.0,
      "mean": 2.8477271958795685,
      "std": 0.2873706576765834,
      "min": 2.408886339391396,
      "p05": 2.412384019295031,
      "p25": 2.6805712690564842,
      "p50": 2.885206474670106,
      "p75": 3.0747987595502453,
      "p95": 3.1830300934004154,
      "max": 3.208322906339045,
      "positiveRate": 1.0
    },
    "makerShare": {
      "count": 10.0,
      "mean": 0.5065108424407669,
      "std": 0.01628045287353772,
      "min": 0.47986716479867164,
      "p05": 0.4828609928997422,
      "p25": 0.49387438273597806,
      "p50": 0.5091754305638961,
      "p75": 0.5185683851725608,
      "p95": 0.5257179475546684,
      "max": 0.5288870008496177,
      "positiveRate": 1.0
    }
  }
}