{
  "meta": {
    "model": "pepper_root_v3",
    "product": "INTARIAN_PEPPER_ROOT",
    "sessions": 24,
    "blockLength": 75,
    "seed": 20260414,
    "sourceDays": [
      -2,
      -1,
      0
    ],
    "method": "stationary block bootstrap on synchronized book+trade records",
    "resetBetweenDays": true
  },
  "overall": {
    "totalPnl": {
      "count": 24.0,
      "mean": 97999.10416666667,
      "std": 8121.594361811477,
      "min": 81891.5,
      "p05": 85217.5,
      "p25": 93107.875,
      "p50": 97788.0,
      "p75": 103286.125,
      "p95": 111574.075,
      "max": 113578.0,
      "positiveRate": 1.0
    },
    "maxDrawdown": {
      "count": 24.0,
      "mean": -1995.5,
      "std": 458.7958957020469,
      "min": -3248.0,
      "p05": -2891.7,
      "p25": -2108.125,
      "p50": -1848.5,
      "p75": -1682.875,
      "p95": -1518.95,
      "max": -1507.0,
      "positiveRate": 0.0
    },
    "sharpeLike": {
      "count": 24.0,
      "mean": 5.200881272390782,
      "std": 0.3051308837323699,
      "min": 4.676645113874895,
      "p05": 4.748603748326851,
      "p25": 4.9825874692585765,
      "p50": 5.1712137797359645,
      "p75": 5.442954197888522,
      "p95": 5.623116253283142,
      "max": 5.755687189718755,
      "positiveRate": 1.0
    },
    "makerShare": {
      "count": 24.0,
      "mean": 0.2611067487752005,
      "std": 0.01003022617134768,
      "min": 0.24269141531322505,
      "p05": 0.24894625814021085,
      "p25": 0.25435276861019435,
      "p50": 0.26012758187769797,
      "p75": 0.2699740977996671,
      "p95": 0.2726533003261792,
      "max": 0.2858590978205778,
      "positiveRate": 1.0
    }
  }
}