criterion,v,r,s,ev,p10,p90,regret
Max EV (base mixture),42,15,43,198937.29873947418,175114.07856899058,222351.13112117222,0.0
Median v* across sensitivity,42,15,43,198937.29873947418,175114.07856899058,222351.13112117222,0.0
Mode v* across sensitivity,42,15,43,198937.29873947418,175114.07856899058,222351.13112117222,0.0
Minimax regret,42,15,43,198937.29873947418,175114.07856899058,222351.13112117222,0.0
