metric,iteration3,iteration4
recommended_v,43,42
top_clusters,"35 (6.9%), 34 (6.3%), 36 (5.7%), 41 (5.5%), 31 (5.0%), 33 (4.3%)","35 (9.0%), 36 (7.9%), 34 (6.3%), 33 (5.4%), 41 (5.1%), 37 (4.5%)"
mean_speed_field,38.691347789119334,38.37748116500576
mass_24_27_pct,5.55657523288418,9.635204916040822
mass_34_36_pct,18.89235775922232,23.202237764239346
mass_41_43_pct,10.07127860095932,9.396796463318093
