{
  "meta": {
    "model": "ash_mm_v0",
    "product": "ASH_COATED_OSMIUM",
    "sessions": 120,
    "blockLength": 75,
    "seed": 20260414,
    "sourceDays": [
      -2,
      -1,
      0
    ],
    "method": "stationary block bootstrap on synchronized book+trade records"
  },
  "overall": {
    "totalPnl": {
      "count": 120.0,
      "mean": 57393.2625,
      "std": 2564.7193475651893,
      "min": 51478.0,
      "p05": 53136.475,
      "p25": 55481.5,
      "p50": 57381.0,
      "p75": 59636.125,
      "p95": 61165.5,
      "max": 62987.0,
      "positiveRate": 1.0
    },
    "maxDrawdown": {
      "count": 120.0,
      "mean": -2044.6375,
      "std": 214.98421832346497,
      "min": -2710.0,
      "p05": -2413.0,
      "p25": -2171.75,
      "p50": -2028.0,
      "p75": -1869.0,
      "p95": -1751.65,
      "max": -1531.0,
      "positiveRate": 0.0
    },
    "sharpeLike": {
      "count": 120.0,
      "mean": 2.7453861037959326,
      "std": 0.2329254906532822,
      "min": 2.2185369629048823,
      "p05": 2.3974131058562613,
      "p25": 2.564368727384947,
      "p50": 2.7402864001288023,
      "p75": 2.912015100024819,
      "p95": 3.1124147662842505,
      "max": 3.418555787673322,
      "positiveRate": 1.0
    },
    "makerShare": {
      "count": 120.0,
      "mean": 0.5057811797335197,
      "std": 0.015392893728779302,
      "min": 0.46424242424242423,
      "p05": 0.47912302074860497,
      "p25": 0.4953395078868009,
      "p50": 0.5067454413185123,
      "p75": 0.51767070932855,
      "p95": 0.5299920852060702,
      "max": 0.5420846053205408,
      "positiveRate": 1.0
    }
  }
}