product,day,mid_open_close_z,spread_open_close_z,imbalance_open_close_z,activity_open_close_z,mid_shape_slope
ASH_COATED_OSMIUM,-2,-2.740157309546977,-1.0782877761640375,0.6558309197252008,-0.5003561751874308,-0.3137036355460795
ASH_COATED_OSMIUM,-1,2.025170072351631,0.10664064512500604,1.4831661910221323,-0.47425209819279823,-0.25174790912689365
ASH_COATED_OSMIUM,0,1.5063626494859088,-1.082759640242644,1.4132163438573067,0.0,0.31154637611691666
INTARIAN_PEPPER_ROOT,-2,3.4124996027938685,2.5502733384221656,-3.3513194710049903,-0.573583941337745,3.4124398193028314
INTARIAN_PEPPER_ROOT,-1,3.414557376033863,2.376185689513689,-0.37358357378660656,0.6055232760053655,3.4124396139965234
INTARIAN_PEPPER_ROOT,0,3.413366364271941,3.0995789824928286,-0.08826294032637177,0.5852094301193385,3.4124388338055955
