product,days,trend_per_10k_mean,trend_per_10k_min,trend_per_10k_max,trend_r2_mean,residual_std_mean,residual_half_life_mean,lag1_autocorr_mean,vr20_mean,avg_spread_mean,spread_bps_mean,trade_count_total
ASH_COATED_OSMIUM,3,-0.0024061333323824818,-0.013873992469676024,0.015471466310214711,0.005111683503910262,5.104478890177067,2.2639894904688114,-0.49527403581361323,0.056374555121198856,16.175190614313625,16.174819774843602,1265
INTARIAN_PEPPER_ROOT,3,10.000612960100703,10.000288055728118,10.00079269884857,0.9999418597472874,2.196670403616163,0.14359787129116675,-0.49991862538515863,0.05026174877525987,13.045254657577255,11.347110118241941,1011
