{
  "meta": {
    "model": "pepper_root_v2",
    "product": "INTARIAN_PEPPER_ROOT",
    "sessions": 24,
    "blockLength": 75,
    "seed": 20260414,
    "sourceDays": [
      -2,
      -1,
      0
    ],
    "method": "stationary block bootstrap on synchronized book+trade records",
    "resetBetweenDays": true
  },
  "overall": {
    "totalPnl": {
      "count": 24.0,
      "mean": 5815239.125,
      "std": 1273377.512229926,
      "min": 3758617.5,
      "p05": 4053247.55,
      "p25": 4640900.75,
      "p50": 6086069.75,
      "p75": 6575383.25,
      "p95": 7718854.174999999,
      "max": 8003558.0,
      "positiveRate": 1.0
    },
    "maxDrawdown": {
      "count": 24.0,
      "mean": -371733.9166666667,
      "std": 102596.22872599706,
      "min": -617033.0,
      "p05": -527578.15,
      "p25": -463188.25,
      "p50": -352179.75,
      "p75": -304926.375,
      "p95": -246884.7,
      "max": -222553.0,
      "positiveRate": 0.0
    },
    "sharpeLike": {
      "count": 24.0,
      "mean": 4.830163412643999,
      "std": 0.8739375850090816,
      "min": 3.197714042283927,
      "p05": 3.573982888808612,
      "p25": 4.051311661122556,
      "p50": 5.077952309136363,
      "p75": 5.407424182227168,
      "p95": 5.9771527169059215,
      "max": 6.358647269674625,
      "positiveRate": 1.0
    },
    "makerShare": {
      "count": 24.0,
      "mean": 0.03861279805992455,
      "std": 0.002874644944367574,
      "min": 0.03285477636664826,
      "p05": 0.034577901941932866,
      "p25": 0.036648802295158156,
      "p50": 0.03925117444192032,
      "p75": 0.04043564395300951,
      "p95": 0.04232165388680058,
      "max": 0.04320896622916974,
      "positiveRate": 1.0
    }
  }
}