day,bid,P0_d,Delta_d,net_gain_if_accepted_d,uplift_pct_vs_base_d,fee_roi_d
-1,100,103370.5,976.0,876.0,0.008474371314833536,8.76
-1,125,103370.5,976.0,851.0,0.008232522818405637,6.808
-1,150,103370.5,976.0,826.0,0.007990674321977741,5.506666666666667
0,100,103870.0,851.0,751.0,0.007230191585635891,7.51
0,125,103870.0,851.0,726.0,0.0069895061134109945,5.808
0,150,103870.0,851.0,701.0,0.006748820641186098,4.673333333333333
1,100,101456.0,1188.5,1088.5,0.01072878883456868,10.885
1,125,101456.0,1188.5,1063.5,0.010482376596751301,8.508
1,150,101456.0,1188.5,1038.5,0.010235964358933923,6.923333333333333
