proxy,Delta_mean,Delta_median,Delta_min,Delta_max,Delta_std,Delta_p25
Uniform depth +25%,1005.1666666666666,976.0,851.0,1188.5,170.6299602453606,913.5
Front-biased depth +25%,1609.8333333333333,1597.5,1320.0,1912.0,296.1926456435631,1458.75
Depth +25% + trades +25%,6497.166666666667,6415.0,6210.0,6866.5,335.8743564688042,6312.5
